driver_id,driver_name,phone,license_number,vehicle_id,joining_date
DRV_0001,Deepak Ghosh,+919428176954,RJ20157416943,VH_0001,2024-05-06
DRV_0002,Rahul Das,+919798824290,WB20126834610,VH_0002,2024-10-22
DRV_0003,Mohit Kulkarni,+918680980044,KA20214736121,VH_0003,2023-10-21
DRV_0004,Ramesh Kumar,+918972143331,WB20169924365,VH_0004,2024-06-10
DRV_0005,Sanjay Reddy,+918456460773,KA20144162177,VH_0005,2023-09-30
DRV_0006,Naresh Singh,+917398610233,RJ20191262492,VH_0006,2024-08-20
DRV_0007,Vijay Sharma,+919689717834,MH20171816653,VH_0007,2024-08-18
DRV_0008,Mahesh Das,+918441452485,WB20131946973,VH_0008,2024-10-11
DRV_0009,Deepak Reddy,+917287324220,GJ20196379867,VH_0009,2024-08-22
DRV_0010,Ashok Gupta,+917779961132,TN20166041569,VH_0010,2024-08-03
DRV_0011,Rajesh Kulkarni,+918033505978,RJ20189315137,VH_0011,2024-11-27
DRV_0012,Sunil Shinde,+917761157708,WB20157984768,VH_0012,2024-05-26
DRV_0013,Sumit Pillai,+918634679818,WB20175042775,VH_0013,2023-10-14
DRV_0014,Sanjay Pillai,+917129374563,UP20107923579,VH_0014,2024-05-22
DRV_0015,Amit Das,+919144224936,TN20152326581,VH_0015,2024-05-05
DRV_0016,Anil Sharma,+918135566010,MH20147327828,VH_0016,2024-01-12
DRV_0017,Mahesh Sharma,+919388864147,WB20139042900,VH_0017,2024-09-06
DRV_0018,Manoj Pillai,+919838428357,TN20212968239,VH_0018,2023-12-05
DRV_0019,Prakash Reddy,+917691121400,TN20165015307,VH_0019,2024-03-14
DRV_0020,Vinod Pillai,+918672579077,WB20207027375,VH_0020,2024-07-17
DRV_0021,Arun Menon,+918276743428,UP20118876742,VH_0021,2023-11-28
DRV_0022,Vinod Patel,+918751999682,RJ20104712363,VH_0022,2023-12-08
DRV_0023,Sumit Kumar,+919084264220,MP20198005797,VH_0023,2024-07-23
DRV_0024,Sumit Patel,+918840872577,RJ20195122665,VH_0024,2024-04-10
DRV_0025,Manoj Nair,+917475581613,UP20173822492,VH_0025,2023-12-12
DRV_0026,Sunil Yadav,+919583356206,UP20121985360,VH_0026,2024-03-28
DRV_0027,Mahesh Sharma,+917299686372,MH20221107102,VH_0027,2024-05-24
DRV_0028,Amit Shinde,+919119122502,KA20104669507,VH_0028,2024-04-07
DRV_0029,Santosh Menon,+919992924441,MP20179184838,VH_0029,2024-12-13
DRV_0030,Ramesh Kulkarni,+918165208920,MH20109882154,VH_0030,2023-12-18
DRV_0031,Pradeep Kulkarni,+918912300840,WB20238223819,VH_0031,2023-11-05
DRV_0032,Mohit Verma,+919680381817,KA20134220085,VH_0032,2024-02-08
DRV_0033,Arun Menon,+919063270536,DL20157812009,VH_0033,2024-04-30
DRV_0034,Ravi More,+919150261914,DL20201531577,VH_0034,2024-11-04
DRV_0035,Sachin Das,+918684182331,UP20101158547,VH_0035,2023-12-28
DRV_0036,Rohit Sharma,+918368238367,GJ20192599906,VH_0036,2023-09-20
DRV_0037,Mahesh Reddy,+919386072480,UP20141781180,VH_0037,2024-11-13
DRV_0038,Pradeep Kulkarni,+918098329927,MH20126276177,VH_0038,2024-12-13
DRV_0039,Vijay Deshmukh,+919563458386,DL20143725462,VH_0039,2024-03-08
DRV_0040,Ravi Deshmukh,+917262231715,WB20157439870,VH_0040,2023-12-01
DRV_0041,Amit More,+917520526386,WB20216802559,VH_0041,2024-11-24
DRV_0042,Mukesh Ghosh,+919120202996,GJ20197655572,VH_0042,2023-11-21
DRV_0043,Vinod Kumar,+917846685332,UP20174827527,VH_0043,2024-06-22
DRV_0044,Rahul Ghosh,+919488634827,RJ20115955645,VH_0044,2023-11-09
DRV_0045,Ravi More,+919721010955,AP20127375341,VH_0045,2023-12-23
DRV_0046,Sumit Pawar,+918652503832,GJ20112535458,VH_0046,2024-12-19
DRV_0047,Ashok Banerjee,+918746207439,DL20122464604,VH_0047,2024-09-17
DRV_0048,Nitin Banerjee,+918184455942,WB20162732967,VH_0048,2024-12-08
DRV_0049,Ganesh Menon,+918122490873,MP20196443037,VH_0049,2023-10-06
DRV_0050,Rahul Kumar,+918965540647,RJ20222421022,VH_0050,2023-12-16
DRV_0051,Ravi Deshmukh,+918232761034,RJ20123329349,VH_0051,2024-08-06
DRV_0052,Ashok Nair,+918329587040,DL20128292657,VH_0052,2024-08-02
DRV_0053,Vikas Pillai,+918320324210,GJ20145137094,VH_0053,2023-12-18
DRV_0054,Satish Patil,+917936246038,UP20113273137,VH_0054,2024-07-19
DRV_0055,Ramesh Das,+918893240786,RJ20226528792,VH_0055,2024-05-10
DRV_0056,Manoj Ghosh,+917297380687,MP20126040467,VH_0056,2024-07-10
DRV_0057,Ajay Chatterjee,+918833842070,RJ20155889688,VH_0057,2023-12-11
DRV_0058,Satish Deshmukh,+917342537638,GJ20165702656,VH_0058,2023-10-30
DRV_0059,Sachin Menon,+919685678734,TN20194018677,VH_0059,2024-01-07
DRV_0060,Suresh Pawar,+918438138531,UP20225887726,VH_0060,2023-10-23
DRV_0061,Dinesh Ghosh,+917777015343,KA20206080688,VH_0061,2024-08-20
DRV_0062,Arun Jadhav,+919566791272,RJ20118534089,VH_0062,2024-02-19
DRV_0063,Prakash Deshmukh,+918681721578,WB20238017921,VH_0063,2024-03-18
DRV_0064,Mahesh Menon,+917682062301,MP20202425760,VH_0064,2024-10-27
DRV_0065,Ravi Jadhav,+917757648477,KA20201743175,VH_0065,2024-03-08
DRV_0066,Sachin Iyer,+917367774765,DL20102654343,VH_0066,2024-08-11
DRV_0067,Sanjay Joshi,+917579631857,WB20194708297,VH_0067,2024-05-07
DRV_0068,Anil Das,+918488999206,WB20126787592,VH_0068,2024-12-09
DRV_0069,Prakash Verma,+918965831276,DL20113376915,VH_0069,2024-06-26
DRV_0070,Ashok Iyer,+918437765262,WB20176843509,VH_0070,2024-04-22
DRV_0071,Mukesh Banerjee,+917570726434,GJ20116037595,VH_0071,2024-11-29
DRV_0072,Naresh Kumar,+917156047142,DL20203757404,VH_0072,2023-12-08
DRV_0073,Ravi Joshi,+919484076145,KA20158153291,VH_0073,2024-04-29
DRV_0074,Sanjay Das,+917834756698,KA20208250013,VH_0074,2024-06-02
DRV_0075,Suresh Pawar,+917936484437,UP20198206700,VH_0075,2024-06-05
DRV_0076,Ramesh More,+919337619925,AP20222049645,VH_0076,2024-03-01
DRV_0077,Mukesh Kulkarni,+919459095909,GJ20138676422,VH_0077,2024-10-24
DRV_0078,Arun Jadhav,+917175697427,WB20206258048,VH_0078,2024-02-20
DRV_0079,Rahul Patil,+918688786439,DL20156905327,VH_0079,2023-10-16
DRV_0080,Santosh Patil,+919449922369,MP20192421902,VH_0080,2024-01-12
DRV_0081,Amit Iyer,+919642020689,AP20114070977,VH_0081,2024-06-13
DRV_0082,Sumit Joshi,+918666135102,MP20127437584,VH_0082,2024-05-19
DRV_0083,Mohit Chatterjee,+917882125824,KA20183799538,VH_0083,2024-04-15
DRV_0084,Deepak Gupta,+919452222214,UP20191899447,VH_0084,2023-10-05
DRV_0085,Sunil Kumar,+918328325379,TN20237441514,VH_0085,2024-03-09
DRV_0086,Satish Ghosh,+917775998330,RJ20218446596,VH_0086,2024-04-15
DRV_0087,Rohit Sharma,+918014142053,TN20141548532,VH_0087,2024-08-03
DRV_0088,Sanjay Kulkarni,+918932576626,UP20199309978,VH_0088,2024-03-15
DRV_0089,Naresh Deshmukh,+919645955440,WB20237154919,VH_0089,2024-03-19
DRV_0090,Mahesh Pawar,+918483330295,TN20162718262,VH_0090,2023-12-11
DRV_0091,Ravi Pillai,+917114325890,UP20146848151,VH_0091,2023-10-07
DRV_0092,Ganesh Banerjee,+917125755285,TN20136882609,VH_0092,2023-10-08
DRV_0093,Nitin Yadav,+917928687800,TN20234471922,VH_0093,2023-11-05
DRV_0094,Rajesh Deshmukh,+918781441519,AP20193824903,VH_0094,2024-07-09
DRV_0095,Deepak Pillai,+918045882178,WB20202597613,VH_0095,2024-10-13
DRV_0096,Vikas Singh,+919098032908,KA20213226183,VH_0096,2024-08-16
DRV_0097,Sumit More,+918843226234,RJ20173385244,VH_0097,2024-03-01
DRV_0098,Pradeep Shinde,+918560354777,UP20112561871,VH_0098,2024-05-29
DRV_0099,Pradeep More,+917059535894,UP20176491002,VH_0099,2024-02-28
DRV_0100,Ramesh Pawar,+919771532017,GJ20232062512,VH_0100,2023-11-10
DRV_0101,Sachin Patel,+918538434222,UP20146416778,VH_0101,2023-10-24
DRV_0102,Deepak Iyer,+918187568940,KA20199142618,VH_0102,2023-11-14
DRV_0103,Manoj Jadhav,+917416497381,MH20118710502,VH_0103,2024-12-13
DRV_0104,Naresh Yadav,+918471272827,MH20164394336,VH_0104,2024-01-04
DRV_0105,Amit Shinde,+918931337593,AP20117047102,VH_0105,2024-08-15
DRV_0106,Ganesh Menon,+917797095388,KA20107649508,VH_0106,2024-02-05
DRV_0107,Ashok Pawar,+917641426254,RJ20202530068,VH_0107,2023-12-27
DRV_0108,Mukesh Kumar,+919373995913,DL20124794852,VH_0108,2024-03-31
DRV_0109,Rakesh Kumar,+919856113741,DL20238085252,VH_0109,2024-01-01
DRV_0110,Amit Chatterjee,+919740728728,RJ20112718442,VH_0110,2024-10-30
DRV_0111,Vinod Menon,+917050165370,KA20163233823,VH_0111,2024-01-28
DRV_0112,Sumit Sharma,+918285603667,MH20193753418,VH_0112,2024-05-10
DRV_0113,Sunil Pawar,+919394299475,KA20168421969,VH_0113,2023-10-08
DRV_0114,Vijay Sharma,+917023484199,KA20223066235,VH_0114,2024-02-24
DRV_0115,Rahul Menon,+918552211967,KA20135646746,VH_0115,2024-01-26
DRV_0116,Ganesh Reddy,+918190664728,MP20215780177,VH_0116,2023-11-19
DRV_0117,Suresh Jadhav,+917050486688,TN20189548370,VH_0117,2024-09-16
DRV_0118,Sachin Pillai,+917817324144,TN20177474085,VH_0118,2024-10-25
DRV_0119,Ravi Chatterjee,+917889715904,DL20181202450,VH_0119,2024-06-20
DRV_0120,Vinod Gupta,+918686286724,RJ20153898604,VH_0120,2023-11-27
DRV_0121,Prakash Sharma,+919888834594,DL20105398739,VH_0121,2024-09-02
DRV_0122,Mahesh Singh,+917363415303,WB20149406206,VH_0122,2023-11-25
DRV_0123,Vikas Ghosh,+917663992760,DL20203561552,VH_0123,2024-08-01
DRV_0124,Ganesh Pillai,+919778626154,TN20223606795,VH_0124,2024-03-22
DRV_0125,Vinod Das,+918095133532,DL20148339797,VH_0125,2023-12-14
DRV_0126,Ravi Singh,+919121571285,RJ20118606317,VH_0126,2024-02-12
DRV_0127,Rajesh Pillai,+917798322292,KA20111212482,VH_0127,2023-12-25
DRV_0128,Amit More,+919831989243,UP20159774573,VH_0128,2024-04-01
DRV_0129,Arun Yadav,+918727036337,AP20212980663,VH_0129,2023-11-23
DRV_0130,Suresh Iyer,+917367622968,AP20182071594,VH_0130,2024-08-09
DRV_0131,Dinesh Chatterjee,+918478555983,GJ20109382064,VH_0131,2023-10-09
DRV_0132,Rohit Menon,+919444241100,DL20192934976,VH_0132,2024-08-27
DRV_0133,Ramesh Singh,+917111649277,TN20108914896,VH_0133,2024-06-18
DRV_0134,Rahul Gupta,+919414746418,WB20228035849,VH_0134,2024-08-29
DRV_0135,Vinod Reddy,+918552940967,AP20232306728,VH_0135,2024-03-04
DRV_0136,Anil Verma,+918217069536,KA20139653253,VH_0136,2024-11-28
DRV_0137,Sachin Sharma,+917072423883,AP20226212643,VH_0137,2024-07-07
DRV_0138,Ganesh Kulkarni,+918411069604,GJ20135892153,VH_0138,2024-03-08
DRV_0139,Ashok Pawar,+917942559072,UP20159277218,VH_0139,2023-11-22
DRV_0140,Ajay Pawar,+917083357939,TN20121107003,VH_0140,2024-05-26
DRV_0141,Suresh Reddy,+918156496201,MH20151024528,VH_0141,2023-11-29
DRV_0142,Rahul Pawar,+917551273379,DL20139888812,VH_0142,2024-08-22
DRV_0143,Vikas Chatterjee,+919929109045,AP20111736524,VH_0143,2024-08-25
DRV_0144,Vikas More,+917059995026,UP20212424426,VH_0144,2024-02-28
DRV_0145,Mukesh Joshi,+919595525640,RJ20112044933,VH_0145,2024-05-13
DRV_0146,Amit Reddy,+918945029610,GJ20227592651,VH_0146,2023-12-29
DRV_0147,Vinod Iyer,+918446501299,TN20114400953,VH_0147,2024-10-13
DRV_0148,Mukesh Gupta,+919632062036,UP20176268604,VH_0148,2024-05-27
DRV_0149,Naresh Kulkarni,+918737868462,UP20148773665,VH_0149,2024-08-08
DRV_0150,Naresh Sharma,+919450831043,MP20104607450,VH_0150,2023-10-21
DRV_0151,Vinod Gupta,+919743315361,GJ20169614423,VH_0151,2024-11-26
DRV_0152,Ashok Nair,+917233336132,MH20168586676,VH_0152,2024-03-12
DRV_0153,Ravi Verma,+918423677772,KA20111200603,VH_0153,2024-11-20
DRV_0154,Sanjay Gupta,+919363765180,GJ20202409947,VH_0154,2024-02-27
DRV_0155,Arun Sharma,+919818653290,TN20208439543,VH_0155,2023-11-03
DRV_0156,Amit Sharma,+917054499873,DL20108734211,VH_0156,2024-11-26
DRV_0157,Rohit Deshmukh,+918563015826,UP20107421134,VH_0157,2024-01-07
DRV_0158,Nitin Yadav,+918738818707,KA20145695180,VH_0158,2024-05-07
DRV_0159,Sumit Singh,+917993104469,MP20135951043,VH_0159,2024-04-10
DRV_0160,Vikas Kulkarni,+918318184472,DL20147425930,VH_0160,2024-10-12
DRV_0161,Vikas Patel,+917880573568,TN20201327658,VH_0161,2024-06-09
DRV_0162,Sunil Chatterjee,+918175052579,GJ20199428760,VH_0162,2024-07-10
DRV_0163,Rahul Nair,+919413498112,GJ20194674549,VH_0163,2024-12-06
DRV_0164,Pradeep Singh,+917373308406,WB20154905100,VH_0164,2024-10-01
DRV_0165,Mukesh Reddy,+917742366980,AP20181937991,VH_0165,2023-11-26
DRV_0166,Sanjay Deshmukh,+917162133188,GJ20233914404,VH_0166,2024-09-22
DRV_0167,Ravi Deshmukh,+918858155056,MP20106900247,VH_0167,2024-03-06
DRV_0168,Sumit Deshmukh,+919376065552,WB20143945353,VH_0168,2024-04-14
DRV_0169,Mahesh Sharma,+919941222178,MP20131334336,VH_0169,2024-03-27
DRV_0170,Prakash Kumar,+918892427773,TN20223189251,VH_0170,2024-06-30
DRV_0171,Mohit Iyer,+919912941099,KA20193376537,VH_0171,2023-11-21
DRV_0172,Naresh Joshi,+917158974686,DL20157636992,VH_0172,2024-02-25
DRV_0173,Mukesh Iyer,+918953299069,KA20128329435,VH_0173,2023-11-12
DRV_0174,Satish Shinde,+918833381086,WB20216986539,VH_0174,2024-08-29
DRV_0175,Mohit Das,+918949529438,KA20121030163,VH_0175,2023-12-28
DRV_0176,Sachin Deshmukh,+919934438599,MP20154706007,VH_0176,2024-01-29
DRV_0177,Mukesh Chatterjee,+919554448673,DL20136818508,VH_0177,2024-07-11
DRV_0178,Rohit Shinde,+917021908603,GJ20171191186,VH_0178,2024-08-08
DRV_0179,Vijay Reddy,+917619099261,GJ20142812519,VH_0179,2023-12-19
DRV_0180,Ramesh Singh,+918668816911,RJ20127946088,VH_0180,2024-04-13
DRV_0181,Rahul Menon,+918160378298,DL20239044494,VH_0181,2023-11-14
DRV_0182,Sanjay Yadav,+918419893106,MH20141336852,VH_0182,2024-07-11
DRV_0183,Arun Verma,+919755876720,KA20163699529,VH_0183,2023-12-13
DRV_0184,Dinesh Kulkarni,+917022496299,GJ20199098979,VH_0184,2023-12-27
DRV_0185,Suresh Ghosh,+917832145548,MP20163635764,VH_0185,2024-11-24
DRV_0186,Mukesh Iyer,+919335499255,RJ20215450404,VH_0186,2024-01-18
DRV_0187,Deepak Pillai,+919122873617,MH20169236745,VH_0187,2024-10-04
DRV_0188,Rajesh Menon,+919867392300,DL20149058573,VH_0188,2024-09-10
DRV_0189,Mukesh Kumar,+919332928708,AP20118945197,VH_0189,2023-10-16
DRV_0190,Naresh Pillai,+917363347164,UP20175446036,VH_0190,2024-11-05
DRV_0191,Rahul Yadav,+918761196706,GJ20128478868,VH_0191,2024-11-29
DRV_0192,Arun Banerjee,+918445353058,TN20235505722,VH_0192,2024-03-08
DRV_0193,Rajesh Gupta,+917499586100,DL20116767862,VH_0193,2023-11-04
DRV_0194,Vikas Deshmukh,+919184303190,MH20237494562,VH_0194,2023-10-29
DRV_0195,Vikas Kulkarni,+917773729850,MP20138990355,VH_0195,2024-07-21
DRV_0196,Ganesh Das,+917014661179,WB20199670757,VH_0196,2023-11-08
DRV_0197,Sumit Verma,+917470269093,KA20124554926,VH_0197,2023-11-04
DRV_0198,Ajay Gupta,+919966824417,DL20208304686,VH_0198,2024-09-09
DRV_0199,Sumit Patil,+919052916049,DL20117511223,VH_0199,2024-03-12
DRV_0200,Sachin Kulkarni,+918847071046,WB20171207430,VH_0200,2023-11-15
DRV_0201,Vikas Verma,+918530084652,KA20192681144,VH_0201,2024-10-28
DRV_0202,Mukesh Pillai,+917181891508,GJ20165431477,VH_0202,2024-06-08
DRV_0203,Satish Deshmukh,+917973491242,MH20125620682,VH_0203,2024-05-29
DRV_0204,Sumit Patil,+917963917932,MH20166561547,VH_0204,2024-01-03
DRV_0205,Ravi Singh,+917573782705,AP20151339451,VH_0205,2024-07-02
DRV_0206,Ashok Pillai,+919075984013,DL20234824490,VH_0206,2024-10-14
DRV_0207,Ashok Pawar,+918453066216,AP20217992286,VH_0207,2024-02-16
DRV_0208,Ganesh Patel,+918438372352,RJ20219127895,VH_0208,2023-11-29
DRV_0209,Anil Singh,+918231336920,DL20149502613,VH_0209,2024-05-29
DRV_0210,Amit Joshi,+917086325904,MH20124234033,VH_0210,2023-09-30
DRV_0211,Ajay Singh,+919114438720,UP20107046090,VH_0211,2023-12-27
DRV_0212,Ajay Nair,+918772306347,WB20163078241,VH_0212,2024-01-08
DRV_0213,Suresh Reddy,+918775603845,MP20173979359,VH_0213,2023-10-03
DRV_0214,Prakash Deshmukh,+918156943979,GJ20125339593,VH_0214,2023-12-04
DRV_0215,Ganesh Pillai,+919861883966,MH20124595669,VH_0215,2023-10-10
DRV_0216,Sanjay Shinde,+919137746963,AP20207870390,VH_0216,2024-04-03
DRV_0217,Suresh Jadhav,+919873632249,KA20203905824,VH_0217,2024-02-18
DRV_0218,Ramesh Reddy,+919091650533,AP20215620085,VH_0218,2024-05-19
DRV_0219,Rahul Menon,+918443822694,TN20176069153,VH_0219,2024-01-10
DRV_0220,Sachin Deshmukh,+919610986174,WB20207278533,VH_0220,2024-03-09
DRV_0221,Deepak Pillai,+917724509544,UP20116641903,VH_0221,2024-08-02
DRV_0222,Vinod Nair,+919098062882,AP20133515396,VH_0222,2024-04-01
DRV_0223,Ravi Singh,+917390535106,RJ20206361758,VH_0223,2024-01-08
DRV_0224,Amit Pawar,+919897966375,UP20145352450,VH_0224,2023-09-14
DRV_0225,Vikas Das,+918614740436,MP20214186247,VH_0225,2024-06-29
DRV_0226,Sanjay Jadhav,+918195672999,UP20207014583,VH_0226,2024-04-06
DRV_0227,Ashok Yadav,+917298263548,WB20125928878,VH_0227,2024-11-02
DRV_0228,Prakash Gupta,+917544715663,WB20224071377,VH_0228,2024-01-08
DRV_0229,Manoj Shinde,+919739830361,GJ20136152035,VH_0229,2024-05-20
DRV_0230,Manoj Menon,+919088593968,AP20172976045,VH_0230,2024-04-25
DRV_0231,Rajesh Shinde,+918087888306,MP20118922531,VH_0231,2023-09-23
DRV_0232,Ajay Joshi,+919661226775,WB20147930789,VH_0232,2024-11-24
DRV_0233,Sumit Gupta,+919355992373,RJ20198676774,VH_0233,2024-10-09
DRV_0234,Vinod More,+919420846331,UP20153966618,VH_0234,2024-07-14
DRV_0235,Rajesh Kumar,+918446712288,TN20223828735,VH_0235,2024-03-01
DRV_0236,Rohit Chatterjee,+917321816709,KA20198276470,VH_0236,2024-02-01
DRV_0237,Nitin Das,+918574075580,RJ20101632925,VH_0237,2024-03-23
DRV_0238,Ajay Pawar,+918711889398,GJ20229909268,VH_0238,2024-09-15
DRV_0239,Suresh Jadhav,+919894112495,TN20136777230,VH_0239,2024-07-15
DRV_0240,Amit Verma,+918677556678,MP20143802133,VH_0240,2024-11-18
DRV_0241,Mahesh Pillai,+918971193393,WB20199793234,VH_0241,2024-07-02
DRV_0242,Nitin Jadhav,+919556000822,UP20154161264,VH_0242,2024-09-28
DRV_0243,Sachin Kumar,+919140107903,KA20131367643,VH_0243,2024-02-24
DRV_0244,Rohit Verma,+918797314051,MH20165291430,VH_0244,2023-11-23
DRV_0245,Rajesh Patil,+919998848098,DL20201331211,VH_0245,2024-11-27
DRV_0246,Naresh Ghosh,+918461036796,DL20185240244,VH_0246,2024-04-23
DRV_0247,Sumit Patel,+917694598956,MH20148061051,VH_0247,2024-01-18
DRV_0248,Mukesh Jadhav,+918246235719,MP20193301222,VH_0248,2024-05-21
DRV_0249,Mukesh Joshi,+917592906016,DL20142912813,VH_0249,2023-11-16
DRV_0250,Mukesh Chatterjee,+919391738839,TN20225412305,VH_0250,2023-10-23
DRV_0251,Ajay Menon,+917664996550,AP20121661118,VH_0251,2024-03-16
DRV_0252,Satish Patel,+917674513622,GJ20131045936,VH_0252,2024-12-15
DRV_0253,Ganesh Verma,+917287061479,UP20122511336,VH_0253,2023-11-18
DRV_0254,Dinesh Pawar,+917523594977,AP20204878226,VH_0254,2024-05-02
DRV_0255,Deepak Nair,+918416721650,DL20233931009,VH_0255,2023-10-01
DRV_0256,Mahesh Pillai,+918751970837,RJ20212944497,VH_0256,2024-11-03
DRV_0257,Mahesh Kumar,+917128574987,KA20156998314,VH_0257,2023-09-21
DRV_0258,Rakesh Patil,+919022475714,GJ20236749933,VH_0258,2024-09-19
DRV_0259,Naresh Das,+918671275585,AP20237471232,VH_0259,2024-01-03
DRV_0260,Prakash Ghosh,+917832384662,DL20121983923,VH_0260,2023-10-16
DRV_0261,Rohit Verma,+918589289163,UP20228351152,VH_0261,2024-09-20
DRV_0262,Rahul Menon,+917913867648,KA20179189341,VH_0262,2024-10-25
DRV_0263,Vikas Banerjee,+919918500820,AP20206272037,VH_0263,2024-12-15
DRV_0264,Sanjay Jadhav,+917155405943,WB20182597897,VH_0264,2024-05-14
DRV_0265,Ravi Chatterjee,+918799081734,RJ20121915467,VH_0265,2024-12-16
DRV_0266,Rohit Joshi,+917172986894,UP20233775016,VH_0266,2024-11-13
DRV_0267,Satish Iyer,+919154411953,AP20109504862,VH_0267,2024-08-29
DRV_0268,Rahul Das,+917241541166,DL20178452252,VH_0268,2023-11-07
DRV_0269,Rakesh Sharma,+917176901651,UP20152991570,VH_0269,2024-04-11
DRV_0270,Suresh Verma,+918665343143,MH20181002847,VH_0270,2023-10-26
DRV_0271,Ganesh Patil,+917995568918,AP20184470388,VH_0271,2024-01-21
DRV_0272,Santosh Iyer,+918717284695,TN20238624573,VH_0272,2024-07-05
DRV_0273,Prakash More,+917758760568,UP20112634721,VH_0273,2023-11-29
DRV_0274,Sanjay Kumar,+918857665946,AP20189757456,VH_0274,2024-06-13
DRV_0275,Mukesh Singh,+917032032560,UP20127865417,VH_0275,2024-10-28
DRV_0276,Arun Patil,+919335171649,DL20237591709,VH_0276,2024-09-02
DRV_0277,Santosh Patel,+917655356673,DL20227953658,VH_0277,2024-11-28
DRV_0278,Naresh Banerjee,+918498376561,MP20183258817,VH_0278,2024-04-10
DRV_0279,Ramesh Joshi,+917516519170,WB20169102253,VH_0279,2024-04-05
DRV_0280,Mohit More,+918033306944,KA20117499587,VH_0280,2024-01-20
DRV_0281,Vinod Joshi,+917061628545,RJ20195164755,VH_0281,2024-08-03
DRV_0282,Sachin Iyer,+918970779921,KA20127924719,VH_0282,2024-02-17
DRV_0283,Ashok More,+918152132393,WB20204646403,VH_0283,2024-09-10
DRV_0284,Vijay Patil,+917649000919,GJ20203225862,VH_0284,2023-12-24
DRV_0285,Mohit Joshi,+918195480242,GJ20212936178,VH_0285,2023-11-28
DRV_0286,Sunil Kulkarni,+918388222933,MP20208004117,VH_0286,2024-01-11
DRV_0287,Deepak Ghosh,+917311714029,WB20111423996,VH_0287,2024-06-09
DRV_0288,Sumit Singh,+917717597364,TN20143700047,VH_0288,2024-07-28
DRV_0289,Arun Gupta,+917218325904,AP20131542011,VH_0289,2024-06-21
DRV_0290,Rakesh Verma,+917985414925,TN20217524435,VH_0290,2024-08-22
DRV_0291,Deepak More,+917716305532,RJ20167988821,VH_0291,2023-11-14
DRV_0292,Vinod Kulkarni,+919911740164,AP20138433377,VH_0292,2023-10-24
DRV_0293,Sanjay Shinde,+917696923747,GJ20224296204,VH_0293,2023-11-20
DRV_0294,Ajay Pillai,+918433813700,DL20123915798,VH_0294,2023-12-11
DRV_0295,Naresh Das,+919967513345,AP20185433204,VH_0295,2024-10-16
DRV_0296,Rohit Deshmukh,+917144227688,MH20158823741,VH_0296,2023-12-24
DRV_0297,Sumit Singh,+919553302669,MP20106052539,VH_0297,2024-04-14
DRV_0298,Sunil Sharma,+917352662313,WB20134084811,VH_0298,2024-03-30
DRV_0299,Dinesh Joshi,+919465825346,WB20187768215,VH_0299,2024-11-04
DRV_0300,Sunil Reddy,+917038635863,GJ20157053183,VH_0300,2024-07-24
DRV_0301,Vijay Patil,+918273734252,WB20231147701,VH_0001,2024-10-24
DRV_0302,Sunil Banerjee,+919196203262,MP20195090740,VH_0002,2024-12-01
DRV_0303,Vinod Das,+917325216804,RJ20145745083,VH_0003,2024-12-09
DRV_0304,Anil Joshi,+917378281335,UP20171735708,VH_0004,2024-07-23
DRV_0305,Ajay Iyer,+918221052218,DL20129945709,VH_0005,2024-12-18
DRV_0306,Dinesh Patel,+917794492003,TN20238117053,VH_0006,2023-10-21
DRV_0307,Mukesh Patel,+918168416623,DL20213579573,VH_0007,2024-12-09
DRV_0308,Santosh More,+918815085015,DL20111910467,VH_0008,2024-09-21
DRV_0309,Arun Kulkarni,+919787170132,TN20147838943,VH_0009,2024-06-06
DRV_0310,Rakesh Shinde,+918668119636,GJ20107534756,VH_0010,2024-01-12
DRV_0311,Naresh Kulkarni,+919896090303,MP20111763646,VH_0011,2023-12-29
DRV_0312,Dinesh Menon,+918224245271,AP20226055825,VH_0012,2024-02-15
DRV_0313,Ganesh Pillai,+917468743898,RJ20161517059,VH_0013,2024-04-23
DRV_0314,Rohit Kulkarni,+919128304809,RJ20225948917,VH_0014,2024-02-01
DRV_0315,Sumit Pillai,+917796965116,GJ20103371859,VH_0015,2024-10-19
DRV_0316,Mahesh Kumar,+918090081663,RJ20182428191,VH_0016,2024-07-18
DRV_0317,Vijay Pawar,+917556150987,TN20169599207,VH_0017,2024-10-10
DRV_0318,Rohit Yadav,+919192796892,AP20132923047,VH_0018,2024-09-20
DRV_0319,Rajesh Kulkarni,+918496526748,WB20115876342,VH_0019,2024-01-13
DRV_0320,Dinesh Nair,+919636496940,MP20176550757,VH_0020,2024-06-22
DRV_0321,Amit Jadhav,+917841478466,DL20142171198,VH_0021,2023-09-18
DRV_0322,Ajay Iyer,+918370484679,GJ20196128383,VH_0022,2024-01-01
DRV_0323,Sumit Deshmukh,+918058921480,GJ20163829301,VH_0023,2024-12-19
DRV_0324,Vinod Reddy,+917339732676,RJ20147031174,VH_0024,2024-10-14
DRV_0325,Manoj Chatterjee,+918469774935,GJ20226124966,VH_0025,2024-04-16
DRV_0326,Mukesh Yadav,+917891420187,DL20235707954,VH_0026,2023-10-09
DRV_0327,Amit Kulkarni,+919345330756,DL20212265001,VH_0027,2023-09-22
DRV_0328,Suresh Joshi,+917814186818,MP20197797028,VH_0028,2023-11-24
DRV_0329,Vijay Singh,+918144979330,WB20188920589,VH_0029,2024-01-22
DRV_0330,Sumit Menon,+918639971710,MP20215882155,VH_0030,2024-10-14
DRV_0331,Santosh Joshi,+918222153955,RJ20159424968,VH_0031,2024-12-16
DRV_0332,Ravi Patil,+917732259144,WB20128486336,VH_0032,2024-10-01
DRV_0333,Mohit Deshmukh,+918098504955,KA20219111841,VH_0033,2024-06-21
DRV_0334,Mahesh Reddy,+917475450221,TN20115435176,VH_0034,2024-06-15
DRV_0335,Sanjay Singh,+917737752746,WB20227060792,VH_0035,2024-06-06
DRV_0336,Prakash Banerjee,+917016232730,MH20206437011,VH_0036,2024-10-30
DRV_0337,Pradeep Pawar,+919087662596,WB20193916715,VH_0037,2024-06-12
DRV_0338,Rahul Menon,+918097689346,DL20185220919,VH_0038,2024-06-12
DRV_0339,Sanjay Joshi,+918657365168,GJ20179088465,VH_0039,2023-09-24
DRV_0340,Ramesh Joshi,+917028652010,UP20124858604,VH_0040,2024-11-12
DRV_0341,Pradeep Patel,+919535086055,KA20152985251,VH_0041,2024-01-18
DRV_0342,Sanjay Ghosh,+917354322017,DL20179033176,VH_0042,2024-04-20
DRV_0343,Vijay Deshmukh,+919496873663,RJ20105088109,VH_0043,2024-11-29
DRV_0344,Amit Deshmukh,+918031626387,KA20209600719,VH_0044,2024-12-01
DRV_0345,Sumit Singh,+919444663022,KA20187802428,VH_0045,2024-02-19
DRV_0346,Suresh Pawar,+917598817918,AP20114633834,VH_0046,2024-05-06
DRV_0347,Prakash Chatterjee,+919439442512,RJ20193394312,VH_0047,2023-11-11
DRV_0348,Mohit Patil,+917778559074,AP20126749069,VH_0048,2024-05-03
DRV_0349,Dinesh Reddy,+918661735818,KA20111277874,VH_0049,2024-09-09
DRV_0350,Vikas Gupta,+917922924976,KA20171654924,VH_0050,2023-09-29
